ticker,date,open,high,low,close
ACH,2022-05-24,0.0219458,0.0374051,0.0211467,0.0222111
ACH,2022-05-25,0.0222111,0.026668,0.0208649,0.021654
ACH,2022-05-26,0.021674,0.0224253,0.0173227,0.0176723
ACH,2022-05-27,0.0175707,0.017972,0.015994,0.0166433
ACH,2022-05-28,0.0166109,0.0178716,0.0163176,0.0176393
ACH,2022-05-29,0.017449,0.0178889,0.0168316,0.017091
ACH,2022-05-30,0.0170907,0.0184671,0.0169816,0.0183253
ACH,2022-05-31,0.0183053,0.0184053,0.0171663,0.0174243
ACH,2022-06-01,0.0173764,0.017807,0.0155744,0.0156943
ACH,2022-06-02,0.0156959,0.0160156,0.0152662,0.0156559
ACH,2022-06-03,0.0156759,0.0157878,0.0147432,0.0153466
ACH,2022-06-04,0.0154066,0.0158173,0.0149779,0.0152384
ACH,2022-06-05,0.0152387,0.0158067,0.0149874,0.0153655
ACH,2022-06-06,0.0153655,0.016135,0.015087,0.0153671
ACH,2022-06-07,0.0153871,0.0155266,0.0144481,0.0151677
ACH,2022-06-08,0.0151886,0.0157293,0.0148403,0.0152101
ACH,2022-06-09,0.0152301,0.0157677,0.0146085,0.0147076
ACH,2022-06-10,0.0146975,0.0153861,0.0140555,0.0144716
ACH,2022-06-11,0.0144814,0.0145515,0.0126843,0.013265
ACH,2022-06-12,0.0132748,0.0133649,0.0119431,0.0127243
ACH,2022-06-13,0.0127143,0.0160779,0.0105782,0.0121732
ACH,2022-06-14,0.0121732,0.0149468,0.0114931,0.0118258
ACH,2022-06-15,0.0118157,0.0124259,0.0109403,0.0123514
ACH,2022-06-16,0.0123415,0.0124863,0.0113963,0.0119664
ACH,2022-06-17,0.0120922,0.012797,0.0118773,0.012091
ACH,2022-06-18,0.01209,0.012212,0.0107848,0.0114215
ACH,2022-06-19,0.0114313,0.012515,0.0108444,0.0124838
ACH,2022-06-20,0.0124351,0.0125162,0.0118745,0.0122465
ACH,2022-06-21,0.0122265,0.0142971,0.0121654,0.0134865
ACH,2022-06-22,0.0134965,0.0136963,0.0120679,0.0122178
ACH,2022-06-23,0.0122278,0.012676,0.0119081,0.0121466
ACH,2022-06-24,0.0120979,0.0127101,0.0116689,0.0121104
ACH,2022-06-25,0.0121578,0.0126313,0.0119219,0.0124613
ACH,2022-06-26,0.0124714,0.0127531,0.0120926,0.0125423
ACH,2022-06-27,0.0125325,0.0130682,0.011969,0.0129386
ACH,2022-06-28,0.0128886,0.0140573,0.012045,0.012155
ACH,2022-06-29,0.0121754,0.0121754,0.0113152,0.0119056
ACH,2022-06-30,0.0118757,0.0139831,0.0110047,0.0122153
ACH,2022-07-01,0.0121754,0.0128732,0.0115538,0.0121266
ACH,2022-07-02,0.0121266,0.0128246,0.0119656,0.0121354
ACH,2022-07-03,0.0121654,0.0122753,0.0118646,0.0120443
ACH,2022-07-04,0.0120443,0.0125549,0.0117247,0.0122153
ACH,2022-07-05,0.0122453,0.0123651,0.0117858,0.0120367
ACH,2022-07-06,0.0120367,0.0121966,0.0118158,0.0121566
ACH,2022-07-07,0.0121566,0.0125861,0.0120567,0.0124026
ACH,2022-07-08,0.0123926,0.0139316,0.0121427,0.0129122
ACH,2022-07-09,0.0129222,0.0138317,0.0129222,0.0131221
ACH,2022-07-10,0.0130821,0.0131521,0.0122327,0.0125225
ACH,2022-07-11,0.0125225,0.0126212,0.0117383,0.0117594
ACH,2022-07-12,0.0117494,0.0124176,0.0116172,0.0118869
ACH,2022-07-13,0.0118986,0.011998,0.0112288,0.0116495
ACH,2022-07-14,0.0116595,0.0122127,0.0115508,0.0119828
ACH,2022-07-15,0.0119828,0.0125625,0.0119428,0.0123363
ACH,2022-07-16,0.0123463,0.0129261,0.0121551,0.0125362
ACH,2022-07-17,0.0125367,0.0133572,0.0122166,0.0125867
ACH,2022-07-18,0.0125766,0.0132983,0.0123763,0.0126971
ACH,2022-07-19,0.0127071,0.02272,0.0126379,0.0195231
ACH,2022-07-20,0.0194831,0.0223007,0.0170903,0.0185209
ACH,2022-07-21,0.0185211,0.0201216,0.0148913,0.0160839
ACH,2022-07-22,0.0160839,0.0174449,0.0158,0.0168937
ACH,2022-07-23,0.01686,0.0169039,0.0146903,0.0148528
ACH,2022-07-24,0.014853,0.0154411,0.0137821,0.0142027
ACH,2022-07-25,0.0142028,0.0148403,0.0135915,0.0140211
ACH,2022-07-26,0.0139814,0.0158408,0.0131809,0.0137121
ACH,2022-07-27,0.0137319,0.0145541,0.0135192,0.0143232
ACH,2022-07-28,0.0143537,0.0160934,0.0140927,0.0154631
ACH,2022-07-29,0.015444,0.015988,0.0148548,0.0153063
ACH,2022-07-30,0.0153063,0.0163861,0.0149952,0.0157353
ACH,2022-07-31,0.0157347,0.0187943,0.0153151,0.0163838
ACH,2022-08-01,0.0163866,0.0163939,0.0142233,0.0148044
ACH,2022-08-02,0.0148044,0.0163124,0.014344,0.0154726
ACH,2022-08-03,0.0155029,0.0171051,0.0150038,0.015974
ACH,2022-08-04,0.0159737,0.0161244,0.0153808,0.0155205
ACH,2022-08-05,0.0154906,0.0167213,0.0154906,0.0162931
ACH,2022-08-06,0.0162931,0.0164133,0.0158125,0.0160437
ACH,2022-08-07,0.0160537,0.0161824,0.0157235,0.0160029
ACH,2022-08-08,0.016041,0.0170943,0.015804,0.0161419
ACH,2022-08-09,0.0161219,0.0161934,0.0149536,0.0153431
ACH,2022-08-10,0.0153632,0.0160574,0.0149537,0.0157146
ACH,2022-08-11,0.0157144,0.0165061,0.0156553,0.0160876
ACH,2022-08-12,0.016058,0.0179672,0.0157879,0.0161374
ACH,2022-08-13,0.0161473,0.0165581,0.0159953,0.0161765
ACH,2022-08-14,0.0161962,0.0165566,0.0155239,0.0157049
ACH,2022-08-15,0.0157447,0.0163028,0.0155737,0.0160939
ACH,2022-08-16,0.016074,0.0161829,0.0156513,0.0157714
ACH,2022-08-17,0.0157714,0.0160823,0.0154205,0.0154811
ACH,2022-08-18,0.0154612,0.0155871,0.0149176,0.0151532
ACH,2022-08-19,0.0151585,0.0153705,0.0131113,0.013747
ACH,2022-08-20,0.0136005,0.0168018,0.0135291,0.0148999
ACH,2022-08-21,0.0149097,0.0150956,0.0144681,0.0147396
ACH,2022-08-22,0.0147004,0.0149079,0.0137692,0.0141275
ACH,2022-08-23,0.0141179,0.0146197,0.0138299,0.0145401
ACH,2022-08-24,0.014607,0.0149907,0.0138331,0.0145113
ACH,2022-08-25,0.014471,0.0148084,0.0142997,0.0145904
ACH,2022-08-26,0.0146431,0.0147001,0.0133067,0.0134712
ACH,2022-08-27,0.0134743,0.0137264,0.0127534,0.0131244
ACH,2022-08-28,0.0131223,0.013666,0.0127763,0.013489
ACH,2022-08-29,0.0134899,0.0143984,0.0128103,0.013591
ACH,2022-08-30,0.0136015,0.0138699,0.0130803,0.0132012
ACH,2022-08-31,0.0132519,0.0137191,0.0129896,0.0132599
ACH,2022-09-01,0.0132579,0.01372,0.0129846,0.0134692
ACH,2022-09-02,0.0134695,0.0140427,0.0131005,0.0132616
ACH,2022-09-03,0.0132221,0.0133515,0.01269,0.0129
ACH,2022-09-04,0.0129213,0.0132093,0.0127323,0.012929
ACH,2022-09-05,0.012921,0.013441,0.012732,0.0132283
ACH,2022-09-06,0.0132343,0.013452,0.01208,0.01222
ACH,2022-09-07,0.0122007,0.0125773,0.0118193,0.0124566
ACH,2022-09-08,0.0124699,0.0130893,0.0124421,0.0128501
ACH,2022-09-09,0.012848,0.0132642,0.0128429,0.0131425
ACH,2022-09-10,0.0131427,0.0136956,0.0130573,0.0131185
ACH,2022-09-11,0.0131328,0.0134475,0.0130011,0.0131403
ACH,2022-09-12,0.0131472,0.0133295,0.012956,0.0129743
ACH,2022-09-13,0.0129759,0.0131608,0.0121232,0.0122002
ACH,2022-09-14,0.0122272,0.0125269,0.0119147,0.0122251
ACH,2022-09-15,0.0122252,0.012448,0.0119729,0.0121379
ACH,2022-09-16,0.0121392,0.012355,0.0117932,0.0123538
ACH,2022-09-17,0.0123548,0.01275,0.0122698,0.012427
ACH,2022-09-18,0.012433,0.012536,0.0119938,0.012027
ACH,2022-09-19,0.012006,0.0120068,0.011471,0.0119694
ACH,2022-09-20,0.0119764,0.012016,0.011367,0.011409
ACH,2022-09-21,0.011388,0.011717,0.011121,0.01114
ACH,2022-09-22,0.011141,0.011492,0.0111,0.011253
ACH,2022-09-23,0.0112519,0.0124558,0.0112519,0.0118638
ACH,2022-09-24,0.0118691,0.0120216,0.011648,0.0116689
ACH,2022-09-25,0.011663,0.0120286,0.011644,0.011791
ACH,2022-09-26,0.0117819,0.0119812,0.0115988,0.011625
ACH,2022-09-27,0.0116188,0.012017,0.0114879,0.0116418
ACH,2022-09-28,0.0116398,0.0141,0.011335,0.0125
ACH,2022-09-29,0.0125,0.01295,0.01181,0.0120012
ACH,2022-09-30,0.01201,0.0121112,0.0116788,0.01173
ACH,2022-10-01,0.01172,0.01226,0.0113199,0.01179
ACH,2022-10-02,0.01179,0.0120412,0.0112111,0.01151
ACH,2022-10-03,0.01151,0.0119912,0.0112411,0.0116912
ACH,2022-10-04,0.0117172,0.0119766,0.0116662,0.0117485
ACH,2022-10-05,0.0117485,0.0117864,0.0113831,0.0117082
ACH,2022-10-06,0.0117283,0.0119125,0.0115912,0.011655
ACH,2022-10-07,0.011655,0.0116564,0.0112167,0.0112167
ACH,2022-10-08,0.0112186,0.0112485,0.0106097,0.01103
ACH,2022-10-09,0.0110299,0.0111631,0.0110121,0.0110622
ACH,2022-10-10,0.0110611,0.0117668,0.0108839,0.0110189
ACH,2022-10-11,0.01102,0.01102,0.0104371,0.0104481
ACH,2022-10-12,0.0104471,0.0105919,0.0103764,0.0104963
ACH,2022-10-13,0.0105003,0.010635,0.0099494,0.0104778
ACH,2022-10-14,0.0104789,0.0177518,0.0103347,0.0142706
ACH,2022-10-15,0.0142904,0.0153506,0.0121108,0.0121306
ACH,2022-10-16,0.0121406,0.0126004,0.0115409,0.0122505
ACH,2022-10-17,0.0122406,0.0129101,0.0119602,0.0122502
ACH,2022-10-18,0.0122104,0.012361,0.0116901,0.0118105
ACH,2022-10-19,0.0118106,0.0118912,0.0113901,0.011578
ACH,2022-10-20,0.0115849,0.0116856,0.0112751,0.0113419
ACH,2022-10-21,0.0113422,0.0126441,0.0112281,0.0118498
ACH,2022-10-22,0.0118308,0.011961,0.0108103,0.0110389
ACH,2022-10-23,0.0110389,0.0113201,0.01091,0.0112156
ACH,2022-10-24,0.0112205,0.0116473,0.0111202,0.0115006
ACH,2022-10-25,0.0115003,0.0117315,0.0111895,0.0113816
ACH,2022-10-26,0.0113818,0.0135105,0.0112812,0.0125975
ACH,2022-10-27,0.0125535,0.0158044,0.0120005,0.0120507
ACH,2022-10-28,0.0120707,0.012492,0.0115416,0.0121724
ACH,2022-10-29,0.0121824,0.0124134,0.0115138,0.0119728
ACH,2022-10-30,0.0119829,0.0121332,0.0113834,0.0114023
ACH,2022-10-31,0.0113952,0.012192,0.0113025,0.012038
ACH,2022-11-01,0.0120693,0.0125392,0.0114979,0.0115788
ACH,2022-11-02,0.0115986,0.0116281,0.0112529,0.0113198
ACH,2022-11-03,0.0113193,0.0121989,0.0112924,0.0119099
ACH,2022-11-04,0.0119099,0.0124315,0.0117499,0.012411
ACH,2022-11-05,0.0124309,0.0125913,0.0121602,0.0122506
ACH,2022-11-06,0.0122506,0.0123411,0.0119102,0.0121208
ACH,2022-11-07,0.0121208,0.012121,0.0115409,0.0116114
ACH,2022-11-08,0.0116075,0.0118155,0.0100581,0.0105506
ACH,2022-11-09,0.0105425,0.0107661,0.0090972,0.0091785
ACH,2022-11-10,0.0091898,0.0115145,0.0091127,0.0108554
ACH,2022-11-11,0.0108375,0.0122415,0.0097809,0.009973
ACH,2022-11-12,0.009968,0.0101495,0.0095907,0.0096386
ACH,2022-11-13,0.0096386,0.0097544,0.0091349,0.0093878
ACH,2022-11-14,0.0093808,0.0093827,0.0085102,0.0090273
ACH,2022-11-15,0.009026,0.0106184,0.009026,0.009941
ACH,2022-11-16,0.0099389,0.0106535,0.0097842,0.0099309
ACH,2022-11-17,0.0099411,0.0100931,0.0097352,0.0098731
ACH,2022-11-18,0.0098736,0.0101308,0.0098321,0.0098826
ACH,2022-11-19,0.0098826,0.0099767,0.0096843,0.0097378
ACH,2022-11-20,0.0097379,0.0102925,0.0095642,0.0095674
ACH,2022-11-21,0.0095665,0.0095957,0.0089583,0.0091051
ACH,2022-11-22,0.009105,0.0093282,0.0089852,0.0091698
ACH,2022-11-23,0.0091712,0.0097347,0.0091682,0.0095365
ACH,2022-11-24,0.0095457,0.0099293,0.0095457,0.0096309
ACH,2022-11-25,0.0096287,0.0098509,0.0093544,0.0094226
ACH,2022-11-26,0.0094216,0.0095665,0.0093944,0.0094034
ACH,2022-11-27,0.0094034,0.0096832,0.0092695,0.0094351
ACH,2022-11-28,0.0094172,0.0103542,0.0088879,0.0092864
ACH,2022-11-29,0.0092864,0.0096249,0.00919604,0.00927657
ACH,2022-11-30,0.00931655,0.0097501,0.00926676,0.00970739
ACH,2022-12-01,0.00970729,0.0105304,0.00933903,0.0099906
ACH,2022-12-02,0.0099906,0.0102511,0.00979078,0.0100206
ACH,2022-12-03,0.0100266,0.0100842,0.00962492,0.00965897
ACH,2022-12-04,0.00965897,0.00986099,0.00965397,0.00979698
ACH,2022-12-05,0.00980396,0.010014,0.009533,0.00955119
ACH,2022-12-06,0.00955196,0.00967281,0.00937931,0.00965981
ACH,2022-12-07,0.00965981,0.009683,0.00914809,0.009209
ACH,2022-12-08,0.009209,0.00929586,0.00906381,0.00924765
ACH,2022-12-09,0.00924765,0.00951557,0.00923583,0.00926028
ACH,2022-12-10,0.00926028,0.00945609,0.00923182,0.00929681
ACH,2022-12-11,0.00929691,0.0094,0.00926809,0.00927293
ACH,2022-12-12,0.00927285,0.00927285,0.00900099,0.00923583
ACH,2022-12-13,0.00923883,0.00925483,0.00865887,0.00888387
ACH,2022-12-14,0.00888387,0.00904182,0.00876574,0.00881962
ACH,2022-12-15,0.008819,0.00883888,0.00861286,0.00865273
ACH,2022-12-16,0.00865273,0.00880488,0.00764776,0.00764776
ACH,2022-12-17,0.00764776,0.00812181,0.00752075,0.00793803
ACH,2022-12-18,0.00793511,0.0080264,0.00768269,0.00776201
ACH,2022-12-19,0.00776201,0.00783825,0.00723314,0.00726793
ACH,2022-12-20,0.00726493,0.00864,0.00724,0.00798032
ACH,2022-12-21,0.00799032,0.00815024,0.00769992,0.00773039
ACH,2022-12-22,0.00771231,0.007867,0.00757132,0.00775668
ACH,2022-12-23,0.00775284,0.00908918,0.00773492,0.00812919
ACH,2022-12-24,0.0081391,0.00841933,0.00793921,0.00807943
ACH,2022-12-25,0.00807952,0.00875904,0.00798276,0.00827892
ACH,2022-12-26,0.00826901,0.00863914,0.00819844,0.00825835
ACH,2022-12-27,0.00824843,0.00838841,0.00795634,0.00802787
ACH,2022-12-28,0.00802771,0.0081074,0.0078067,0.00783077
ACH,2022-12-29,0.007831,0.00786407,0.00753676,0.00758858
ACH,2022-12-30,0.00758259,0.00822105,0.00758251,0.00792803
ACH,2022-12-31,0.00792995,0.00795218,0.00774205,0.0077961
ACH,2023-01-01,0.00778611,0.0078869,0.00772614,0.0078733
ACH,2023-01-02,0.0078733,0.00814374,0.00779472,0.00805534
ACH,2023-01-03,0.00805342,0.00815747,0.00781672,0.00784394
ACH,2023-01-04,0.00784294,0.00823595,0.00783394,0.00808133
ACH,2023-01-05,0.00808033,0.00818454,0.00790983,0.00794422
ACH,2023-01-06,0.00794314,0.0079968,0.00781454,0.00797253
ACH,2023-01-07,0.00797845,0.00810181,0.0078941,0.0078961
ACH,2023-01-08,0.0078951,0.0080903,0.00786266,0.00798404
ACH,2023-01-09,0.00798304,0.00846282,0.00797456,0.00826592
ACH,2023-01-10,0.008268,0.00837899,0.0081511,0.00832617
ACH,2023-01-11,0.00832633,0.00839092,0.00804703,0.00836725
ACH,2023-01-12,0.008389,0.0086226,0.00815576,0.00858077
ACH,2023-01-13,0.00858486,0.00894298,0.008422,0.0088358
ACH,2023-01-14,0.00885471,0.00955543,0.00883571,0.00929446
ACH,2023-01-15,0.00930493,0.00940019,0.00890271,0.00912774
ACH,2023-01-16,0.00914565,0.0152097,0.00908773,0.0132003
ACH,2023-01-17,0.0131903,0.0144311,0.01175,0.0120412
ACH,2023-01-18,0.0120113,0.0122012,0.0100894,0.0105195
ACH,2023-01-19,0.0105595,0.0113497,0.0103099,0.0107696
ACH,2023-01-20,0.0107697,0.0115221,0.01037,0.0113019
ACH,2023-01-21,0.011312,0.0116725,0.0111417,0.0111918
ACH,2023-01-22,0.0111718,0.0112318,0.0106915,0.0108122
ACH,2023-01-23,0.0108021,0.0114411,0.010772,0.0111417
ACH,2023-01-24,0.0111516,0.0113019,0.0106716,0.0107002
ACH,2023-01-25,0.0106903,0.0131333,0.0103419,0.0112719
ACH,2023-01-26,0.011242,0.0114525,0.0109723,0.0111109
ACH,2023-01-27,0.011111,0.0112218,0.0106831,0.0110642
ACH,2023-01-28,0.0110542,0.0112926,0.0109319,0.0109522
ACH,2023-01-29,0.0109422,0.0124934,0.0109226,0.0115305
ACH,2023-01-30,0.0115506,0.016731,0.0111109,0.0152611
ACH,2023-01-31,0.0151911,0.0184289,0.0133003,0.0138612
ACH,2023-02-01,0.0138412,0.01471,0.01285,0.0140808
ACH,2023-02-02,0.0140907,0.0163041,0.0139021,0.0145129
ACH,2023-02-03,0.0145129,0.0168722,0.0139118,0.0157213
ACH,2023-02-04,0.0156913,0.018392,0.0152612,0.0177514
ACH,2023-02-05,0.0177614,0.0226252,0.0171617,0.0195449
ACH,2023-02-06,0.0195251,0.0209657,0.0177135,0.0184107
ACH,2023-02-07,0.0184007,0.0190196,0.01767,0.0186613
ACH,2023-02-08,0.0186711,0.0192213,0.0165813,0.0173512
ACH,2023-02-09,0.0173412,0.0175504,0.0144427,0.0144614
ACH,2023-02-10,0.0144614,0.0161615,0.0144136,0.0152323
ACH,2023-02-11,0.0152123,0.0159019,0.0150614,0.0157414
ACH,2023-02-12,0.0157616,0.0175419,0.0151227,0.0159913
ACH,2023-02-13,0.0159816,0.0165946,0.0148208,0.0153484
ACH,2023-02-14,0.0153583,0.0162162,0.0150211,0.0157757
ACH,2023-02-15,0.0157565,0.0184329,0.0155143,0.0178832
ACH,2023-02-16,0.0178632,0.0276025,0.0176532,0.0199668
ACH,2023-02-17,0.0199528,0.0237107,0.019502,0.0223722
ACH,2023-02-18,0.0224238,0.0235433,0.0212036,0.0229637
ACH,2023-02-19,0.0229237,0.0308371,0.0221235,0.0301266
ACH,2023-02-20,0.0300766,0.045245,0.0276453,0.0405416
ACH,2023-02-21,0.0408216,0.0494745,0.0361058,0.041127
ACH,2023-02-22,0.041047,0.0473643,0.0367748,0.0460205
ACH,2023-02-23,0.0460305,0.0513451,0.0415546,0.0446358
ACH,2023-02-24,0.0446663,0.0460087,0.0360018,0.0371296
ACH,2023-02-25,0.0371496,0.03997,0.0361436,0.0386827
ACH,2023-02-26,0.0386039,0.0406237,0.0372534,0.0385023
ACH,2023-02-27,0.0385249,0.042743,0.0377098,0.0396624
ACH,2023-02-28,0.039692,0.040352,0.033433,0.0341061
ACH,2023-03-01,0.0340668,0.0379323,0.0336654,0.0360847
ACH,2023-03-02,0.0360647,0.0365955,0.0325103,0.0344731
ACH,2023-03-03,0.0344231,0.0345431,0.0286329,0.0329423
ACH,2023-03-04,0.032912,0.033351,0.0292915,0.0303824
ACH,2023-03-05,0.0303724,0.033873,0.0303224,0.0326036
ACH,2023-03-06,0.0325836,0.0326203,0.0308825,0.0315281
ACH,2023-03-07,0.0315068,0.0330493,0.0289588,0.0294085
ACH,2023-03-08,0.0294485,0.03086,0.0250685,0.025489
ACH,2023-03-09,0.0254767,0.0302403,0.0250023,0.0250123
ACH,2023-03-10,0.0250125,0.0264272,0.0225982,0.0261641
ACH,2023-03-11,0.0261335,0.0271905,0.0237525,0.0249899
ACH,2023-03-12,0.0250535,0.0274636,0.0235331,0.0270655
ACH,2023-03-13,0.0270554,0.0353117,0.0269418,0.034969
ACH,2023-03-14,0.0349389,0.0399912,0.0329615,0.0362086
ACH,2023-03-15,0.0361784,0.0416895,0.0316689,0.0341428
ACH,2023-03-16,0.0341328,0.0362592,0.0329148,0.0346751
ACH,2023-03-17,0.0346454,0.0400102,0.0339943,0.0393774
ACH,2023-03-18,0.0393874,0.0437474,0.0377918,0.0382942
ACH,2023-03-19,0.0383748,0.0450142,0.0370353,0.0422677
ACH,2023-03-20,0.0422075,0.0426012,0.0370269,0.0379079
ACH,2023-03-21,0.0378778,0.0399143,0.0354725,0.0385831
ACH,2023-03-22,0.0386028,0.0388962,0.0334554,0.0356567
ACH,2023-03-23,0.0355171,0.0368218,0.0342388,0.0355438
ACH,2023-03-24,0.0355338,0.0360473,0.0313213,0.0320349
ACH,2023-03-25,0.0319654,0.0341948,0.0317458,0.0323113
ACH,2023-03-26,0.0323013,0.0343008,0.0319584,0.0331975
ACH,2023-03-27,0.0332265,0.0339636,0.0302503,0.0311346
ACH,2023-03-28,0.0311346,0.0334834,0.0305695,0.0328425
ACH,2023-03-29,0.0328328,0.0354985,0.0326724,0.0351746
ACH,2023-03-30,0.0350467,0.0382334,0.0339651,0.0352795
ACH,2023-03-31,0.0353099,0.0364644,0.0340502,0.0356471
ACH,2023-04-01,0.0356371,0.0363713,0.0341178,0.0346125
ACH,2023-04-02,0.0346625,0.0359051,0.0327626,0.0331706
ACH,2023-04-03,0.0332006,0.0395162,0.0320067,0.0360741
ACH,2023-04-04,0.0361945,0.0382957,0.035516,0.0374291
ACH,2023-04-05,0.0374987,0.038632,0.0361015,0.0367432
ACH,2023-04-06,0.0367436,0.0414415,0.0360908,0.040014
ACH,2023-04-07,0.040134,0.0436518,0.0394293,0.0397394
ACH,2023-04-08,0.0397594,0.0406452,0.0375488,0.0378247
ACH,2023-04-09,0.0378047,0.0444166,0.0370926,0.0414148
ACH,2023-04-10,0.0413189,0.0438798,0.0393972,0.0430453
ACH,2023-04-11,0.043235,0.0441905,0.041444,0.0422117
ACH,2023-04-12,0.0422318,0.0431723,0.039059,0.0412622
ACH,2023-04-13,0.0412622,0.0416162,0.0391383,0.0397181
ACH,2023-04-14,0.0397081,0.0415795,0.0380372,0.0393122
ACH,2023-04-15,0.0393923,0.0399924,0.0383607,0.0388349
ACH,2023-04-16,0.0388245,0.0414486,0.0385431,0.0409478
ACH,2023-04-17,0.0409778,0.0416529,0.0370255,0.0385331
ACH,2023-04-18,0.0385527,0.0400856,0.0378723,0.0391871
ACH,2023-04-19,0.0391559,0.0394926,0.0350984,0.0371504
ACH,2023-04-20,0.0371701,0.037349,0.0338781,0.0342427
ACH,2023-04-21,0.0342324,0.0355,0.0322739,0.0324364
ACH,2023-04-22,0.0324964,0.0352711,0.0323203,0.0343731
ACH,2023-04-23,0.0343731,0.0348428,0.0325872,0.0331117
ACH,2023-04-24,0.0330517,0.0345697,0.0325067,0.0335807
ACH,2023-04-25,0.033651,0.0340178,0.03241,0.0340178
ACH,2023-04-26,0.0340078,0.0354293,0.0310112,0.0323804
ACH,2023-04-27,0.0323804,0.0340037,0.0319712,0.0336218
ACH,2023-04-28,0.0336311,0.0337615,0.0321738,0.0326851
ACH,2023-04-29,0.0327048,0.0335121,0.032353,0.0328394
ACH,2023-04-30,0.0328494,0.0328691,0.0310583,0.0314579
ACH,2023-05-01,0.0314576,0.0321654,0.0293723,0.0298278
ACH,2023-05-02,0.0298781,0.0303806,0.0288852,0.0301587
ACH,2023-05-03,0.0301384,0.0303564,0.0280962,0.0300278
ACH,2023-05-04,0.0301581,0.0305855,0.028793,0.0290407
ACH,2023-05-05,0.0290607,0.0300907,0.0282807,0.0299272
ACH,2023-05-06,0.0299475,0.0301107,0.0268516,0.0273077
ACH,2023-05-07,0.0272963,0.0276565,0.0267716,0.0268914
ACH,2023-05-08,0.0268829,0.0268829,0.0232265,0.0234278
ACH,2023-05-09,0.0234678,0.0241457,0.022983,0.0231031
ACH,2023-05-10,0.0230931,0.0243844,0.0221813,0.0238839
ACH,2023-05-11,0.0238839,0.0241517,0.0214893,0.0223323
ACH,2023-05-12,0.0223824,0.0226726,0.0210105,0.0223879
ACH,2023-05-13,0.022508,0.0228837,0.0218009,0.021931
ACH,2023-05-14,0.0219732,0.0237542,0.0214107,0.0230038
ACH,2023-05-15,0.0229415,0.0253177,0.0225513,0.024247
ACH,2023-05-16,0.024307,0.0275438,0.0238467,0.0273036
ACH,2023-05-17,0.0273109,0.0287043,0.0262605,0.0279139
ACH,2023-05-18,0.0279039,0.0292188,0.0261979,0.0270308
ACH,2023-05-19,0.0270508,0.0279403,0.0262229,0.026728
ACH,2023-05-20,0.0268234,0.0268434,0.0257354,0.0263637
ACH,2023-05-21,0.0263537,0.0279039,0.0256754,0.0260156
ACH,2023-05-22,0.026003,0.0285171,0.024995,0.0279039
ACH,2023-05-23,0.027974,0.0301733,0.0273268,0.0278317
ACH,2023-05-24,0.0278839,0.0297815,0.0259964,0.0272084
ACH,2023-05-25,0.0271986,0.0279455,0.026091,0.0268908
ACH,2023-05-26,0.0268908,0.0274877,0.0260123,0.0270159
ACH,2023-05-27,0.0269881,0.0289116,0.0265974,0.0287809
ACH,2023-05-28,0.0287906,0.029498,0.0281282,0.0288366
ACH,2023-05-29,0.0288663,0.029899,0.0281273,0.0291587
ACH,2023-05-30,0.0291084,0.0298693,0.0285394,0.0292314
ACH,2023-05-31,0.0292414,0.0311587,0.0271871,0.0290555
ACH,2023-06-01,0.0290644,0.031415,0.0279667,0.0297686
ACH,2023-06-02,0.0297983,0.0303473,0.0290558,0.0301278
ACH,2023-06-03,0.0300778,0.0302191,0.0280504,0.0283711
ACH,2023-06-04,0.0282907,0.02851,0.0272001,0.0276591
ACH,2023-06-05,0.0276488,0.0278092,0.0232809,0.0238772
ACH,2023-06-06,0.0238572,0.0250948,0.0235538,0.024947
ACH,2023-06-07,0.0249872,0.0251963,0.0226068,0.0229725
ACH,2023-06-08,0.0229525,0.0241236,0.0225723,0.0232442
ACH,2023-06-09,0.0232844,0.0234893,0.0222453,0.0228354
ACH,2023-06-10,0.0228461,0.0228861,0.0170026,0.0188209
ACH,2023-06-11,0.0188309,0.0196989,0.0183979,0.0193979
ACH,2023-06-12,0.0193979,0.0206568,0.0187766,0.0202608
ACH,2023-06-13,0.0203008,0.0205588,0.0194665,0.0201974
ACH,2023-06-14,0.0201574,0.0204834,0.0186461,0.0188083
ACH,2023-06-15,0.0189883,0.0196225,0.0184197,0.0195138
ACH,2023-06-16,0.0195136,0.0200575,0.0187277,0.0196345
ACH,2023-06-17,0.0196944,0.0205193,0.0195171,0.0203317
ACH,2023-06-18,0.0203215,0.0205424,0.0194157,0.0195555
ACH,2023-06-19,0.0196153,0.0198797,0.019289,0.0193738
ACH,2023-06-20,0.0194038,0.0212032,0.0190514,0.0209231
ACH,2023-06-21,0.0209331,0.0229195,0.0208533,0.0220313
ACH,2023-06-22,0.022032,0.0233595,0.0217807,0.0221647
ACH,2023-06-23,0.0221847,0.0230074,0.0214841,0.022423
ACH,2023-06-24,0.0223932,0.0228107,0.021131,0.0215636
ACH,2023-06-25,0.0215836,0.023649,0.0215836,0.0224772
ACH,2023-06-26,0.0224872,0.023303,0.0215439,0.0215745
ACH,2023-06-27,0.0215545,0.0228991,0.0214456,0.0226341
ACH,2023-06-28,0.0226443,0.0226443,0.020262,0.0204598
ACH,2023-06-29,0.0204598,0.0211064,0.019838,0.0200062
ACH,2023-06-30,0.0200476,0.0207756,0.0190622,0.0201431
ACH,2023-07-01,0.0201332,0.0203482,0.0195726,0.0198598
ACH,2023-07-02,0.01991,0.0204982,0.0195304,0.019751
ACH,2023-07-03,0.0197318,0.0214332,0.0197318,0.0210613
ACH,2023-07-04,0.0210515,0.0212315,0.0200346,0.0202545
ACH,2023-07-05,0.0202741,0.0204837,0.0192304,0.0193229
ACH,2023-07-06,0.0193129,0.0203598,0.0189513,0.0198394
ACH,2023-07-07,0.0198794,0.0199992,0.01897,0.0193419
ACH,2023-07-08,0.0193717,0.020242,0.0192521,0.0195633
ACH,2023-07-09,0.0195831,0.0198006,0.0190034,0.0190534
ACH,2023-07-10,0.0190434,0.0194019,0.01846,0.0189996
ACH,2023-07-11,0.0190521,0.01912,0.0185007,0.0186302
ACH,2023-07-12,0.0186104,0.01963,0.0185411,0.0192096
ACH,2023-07-13,0.0192712,0.0204557,0.0190885,0.0202781
ACH,2023-07-14,0.0202879,0.0215841,0.019407,0.0197895
ACH,2023-07-15,0.0197897,0.0204663,0.0196875,0.0200158
ACH,2023-07-16,0.0200258,0.0202261,0.0194595,0.019589
ACH,2023-07-17,0.019559,0.0197671,0.0187439,0.0193433
ACH,2023-07-18,0.0193533,0.0195827,0.0182718,0.018374
ACH,2023-07-19,0.018384,0.0187641,0.0180305,0.0182198
ACH,2023-07-20,0.0182398,0.0192108,0.0180511,0.0184683
ACH,2023-07-21,0.0184983,0.0185591,0.0181975,0.0183302
ACH,2023-07-22,0.0183102,0.01854,0.0181911,0.0182518
ACH,2023-07-23,0.0182718,0.0185396,0.0175425,0.0183594
ACH,2023-07-24,0.0183896,0.0187093,0.0172655,0.0173981
ACH,2023-07-25,0.0174081,0.0177382,0.0172481,0.0176188
ACH,2023-07-26,0.0176188,0.0183896,0.0174169,0.0181707
ACH,2023-07-27,0.0181707,0.018388,0.0177863,0.0180551
ACH,2023-07-28,0.0180451,0.0186544,0.0179444,0.0183996
ACH,2023-07-29,0.0183994,0.0185,0.01822,0.0182498
ACH,2023-07-30,0.0182598,0.0184302,0.0176302,0.0179284
ACH,2023-07-31,0.0178984,0.0188968,0.0178584,0.0183069
ACH,2023-08-01,0.0183069,0.0183983,0.0176368,0.0180108
ACH,2023-08-02,0.0180208,0.0182709,0.01747,0.01756
ACH,2023-08-03,0.0175598,0.0177768,0.0170765,0.017116
ACH,2023-08-04,0.0171161,0.0173635,0.0169075,0.0171588
ACH,2023-08-05,0.0171688,0.0174439,0.0170889,0.0173109
ACH,2023-08-06,0.0173335,0.0177147,0.0172442,0.017281
ACH,2023-08-07,0.017324,0.018219,0.0170888,0.0173996
ACH,2023-08-08,0.0174194,0.0176661,0.0171064,0.0175174
ACH,2023-08-09,0.0175374,0.0175575,0.0167171,0.0168452
ACH,2023-08-10,0.0168453,0.0169491,0.0164838,0.0168122
ACH,2023-08-11,0.0168122,0.0172179,0.016792,0.0171211
ACH,2023-08-12,0.0171311,0.0172062,0.0169552,0.0171812
ACH,2023-08-13,0.0171852,0.0172382,0.0169178,0.0171634
ACH,2023-08-14,0.0171654,0.017685,0.0170787,0.0173302
ACH,2023-08-15,0.0173302,0.0173633,0.0156546,0.0160523
ACH,2023-08-16,0.0160122,0.016052,0.0152397,0.0153728
ACH,2023-08-17,0.0153528,0.0160011,0.0133644,0.0136421
ACH,2023-08-18,0.0136031,0.0144542,0.013462,0.0141936
ACH,2023-08-19,0.0141838,0.0151368,0.0141838,0.0150761
ACH,2023-08-20,0.0150556,0.0156884,0.0147588,0.0150792
ACH,2023-08-21,0.0150892,0.0150892,0.0137473,0.0142179
ACH,2023-08-22,0.0142477,0.0143079,0.0132861,0.0134354
ACH,2023-08-23,0.0134354,0.0142233,0.0134354,0.0139973
ACH,2023-08-24,0.0140072,0.0141365,0.0132934,0.0134631
ACH,2023-08-25,0.0134531,0.0136551,0.0132348,0.0136025
ACH,2023-08-26,0.0135928,0.0138819,0.0134907,0.0137065
ACH,2023-08-27,0.0136976,0.0137291,0.013503,0.0135976
ACH,2023-08-28,0.0135966,0.013753,0.0132484,0.0134038
ACH,2023-08-29,0.0134032,0.0145171,0.0130306,0.0143326
ACH,2023-08-30,0.0143526,0.0144323,0.0137185,0.0138297
ACH,2023-08-31,0.01384,0.0143587,0.0133095,0.0134478
ACH,2023-09-01,0.0134383,0.0135162,0.0128919,0.0129234
ACH,2023-09-02,0.0129242,0.0130673,0.0126887,0.0129286
ACH,2023-09-03,0.0129287,0.0129788,0.0126884,0.0128578
ACH,2023-09-04,0.0128577,0.013447,0.0127064,0.0127164
ACH,2023-09-05,0.0126964,0.0132424,0.0126764,0.0131436
ACH,2023-09-06,0.0131536,0.0134723,0.0129412,0.013342
ACH,2023-09-07,0.013332,0.0136129,0.0131616,0.0134931
ACH,2023-09-08,0.0135136,0.0143747,0.0134535,0.014208
ACH,2023-09-09,0.0142379,0.0156255,0.0140361,0.0142756
ACH,2023-09-10,0.0142754,0.014376,0.0131475,0.0135249
ACH,2023-09-11,0.013525,0.0139948,0.0132466,0.0134257
ACH,2023-09-12,0.0134257,0.0142243,0.0133953,0.0136989
ACH,2023-09-13,0.0136788,0.0142586,0.0134388,0.0139829
ACH,2023-09-14,0.0140028,0.0150898,0.0139408,0.0146841
ACH,2023-09-15,0.0147143,0.0153505,0.0146588,0.0153505
ACH,2023-09-16,0.0153595,0.0160414,0.0152611,0.0159414
ACH,2023-09-17,0.0159114,0.0159221,0.0145631,0.0147935
ACH,2023-09-18,0.0147835,0.0155603,0.0146728,0.0151527
ACH,2023-09-19,0.0151323,0.0165408,0.0150132,0.0156822
ACH,2023-09-20,0.0156922,0.0158519,0.0146423,0.0149709
ACH,2023-09-21,0.0149909,0.0164295,0.0145594,0.0158795
ACH,2023-09-22,0.0158595,0.0169592,0.0153297,0.0166488
ACH,2023-09-23,0.0166488,0.0168893,0.0153205,0.0153711
ACH,2023-09-24,0.0153911,0.0154814,0.0151609,0.0152906
ACH,2023-09-25,0.0152806,0.0154664,0.0148813,0.0152892
ACH,2023-09-26,0.0152891,0.0158121,0.0151953,0.0157232
ACH,2023-09-27,0.0157132,0.0159925,0.0149279,0.0149791
ACH,2023-09-28,0.0149989,0.015461,0.0149169,0.0152497
ACH,2023-09-29,0.0152688,0.0154585,0.0150294,0.0151983
ACH,2023-09-30,0.0152083,0.015392,0.0150182,0.0152731
ACH,2023-10-01,0.0152829,0.0157719,0.0152812,0.0157719
ACH,2023-10-02,0.0157719,0.0161181,0.0147032,0.0148143
ACH,2023-10-03,0.0148143,0.0150572,0.014611,0.0147629
ACH,2023-10-04,0.014752,0.0148279,0.0139117,0.0146627
ACH,2023-10-05,0.0146707,0.01476,0.0142255,0.014272
ACH,2023-10-06,0.0142709,0.014672,0.0141166,0.0144909
ACH,2023-10-07,0.0144919,0.0145151,0.014118,0.0142391
ACH,2023-10-08,0.0142551,0.0144274,0.0140071,0.0142381
ACH,2023-10-09,0.0142281,0.0143555,0.0133027,0.0136329
ACH,2023-10-10,0.0136129,0.0138721,0.0132613,0.0134115
ACH,2023-10-11,0.0134115,0.0135308,0.0131479,0.0133973
ACH,2023-10-12,0.0133961,0.0134766,0.0130583,0.0131951
ACH,2023-10-13,0.0131961,0.0134749,0.0130692,0.0133872
ACH,2023-10-14,0.0133971,0.0134172,0.0130988,0.0132392
ACH,2023-10-15,0.0132291,0.013689,0.0131995,0.0136105
ACH,2023-10-16,0.0136207,0.0141031,0.0135318,0.0136656
ACH,2023-10-17,0.0136656,0.0137438,0.0131793,0.0131989
ACH,2023-10-18,0.0131839,0.0132521,0.0127295,0.0127637
ACH,2023-10-19,0.0127527,0.0129762,0.0125624,0.0127951
ACH,2023-10-20,0.012805,0.0133788,0.0126962,0.0132854
ACH,2023-10-21,0.0132985,0.0139135,0.0131763,0.0135066
ACH,2023-10-22,0.0135166,0.0137958,0.013287,0.0135346
ACH,2023-10-23,0.0135246,0.0140659,0.0135147,0.0139971
ACH,2023-10-24,0.0140071,0.0170307,0.0139971,0.0158981
ACH,2023-10-25,0.0158781,0.0167257,0.0155312,0.0162037
ACH,2023-10-26,0.0162137,0.0174023,0.0161003,0.01677
ACH,2023-10-27,0.0167702,0.0169108,0.015722,0.0161035
ACH,2023-10-28,0.0160939,0.016452,0.0158933,0.0162726
ACH,2023-10-29,0.0162528,0.016625,0.015883,0.0166158
ACH,2023-10-30,0.0166156,0.016772,0.0158838,0.0165154
ACH,2023-10-31,0.0165355,0.0166752,0.0155969,0.0159065
ACH,2023-11-01,0.0159077,0.0191396,0.0151644,0.018726
ACH,2023-11-02,0.0187758,0.0195259,0.0175733,0.0180022
ACH,2023-11-03,0.0180023,0.0189034,0.017775,0.0182671
ACH,2023-11-04,0.0182571,0.0187707,0.0179575,0.0187511
ACH,2023-11-05,0.0187609,0.0191039,0.0180848,0.018745
ACH,2023-11-06,0.0187546,0.0212947,0.0183845,0.0207756
ACH,2023-11-07,0.0207858,0.0222356,0.0201436,0.0211095
ACH,2023-11-08,0.0211197,0.0214899,0.0204161,0.0206147
ACH,2023-11-09,0.0206145,0.022204,0.0169827,0.0220842
ACH,2023-11-10,0.0221042,0.0235735,0.0214649,0.0225015
ACH,2023-11-11,0.0225117,0.0228039,0.0214064,0.0216654
ACH,2023-11-12,0.0216354,0.0218257,0.020636,0.0212285
ACH,2023-11-13,0.0212585,0.0215531,0.0193525,0.0195255
ACH,2023-11-14,0.0195355,0.0200876,0.0184213,0.0194625
ACH,2023-11-15,0.0194725,0.0205278,0.0193333,0.0204798
ACH,2023-11-16,0.0205,0.020939,0.0188417,0.0193121
ACH,2023-11-17,0.0193321,0.0198624,0.0183813,0.0197167
ACH,2023-11-18,0.0196967,0.0197767,0.0184679,0.0189195
ACH,2023-11-19,0.0189093,0.0198303,0.0183108,0.0194486
ACH,2023-11-20,0.0194486,0.0204206,0.0194419,0.0199538
ACH,2023-11-21,0.0199936,0.0203798,0.0175969,0.0178169
ACH,2023-11-22,0.0178268,0.0193166,0.0176867,0.0190761
ACH,2023-11-23,0.0190859,0.0197441,0.0188938,0.0194329
ACH,2023-11-24,0.0194427,0.0213883,0.0193319,0.0206265
ACH,2023-11-25,0.0206571,0.0214331,0.0205062,0.0210326
ACH,2023-11-26,0.0210324,0.0214122,0.0195678,0.0204978
ACH,2023-11-27,0.0205078,0.0206182,0.0193298,0.0197604
ACH,2023-11-28,0.0197604,0.0207062,0.0192117,0.0202517
ACH,2023-11-29,0.0202718,0.0207101,0.0197128,0.0198626
ACH,2023-11-30,0.0198626,0.0209923,0.0197438,0.0198422
ACH,2023-12-01,0.0198434,0.020518,0.0197438,0.0203179
ACH,2023-12-02,0.0203179,0.0209988,0.0201397,0.0208194
ACH,2023-12-03,0.0208396,0.0216406,0.0204578,0.0211174
ACH,2023-12-04,0.0211174,0.0225195,0.0201188,0.0222309
ACH,2023-12-05,0.0222211,0.0232391,0.0213319,0.0221327
ACH,2023-12-06,0.0221627,0.0249702,0.021683,0.0238326
ACH,2023-12-07,0.0238226,0.024061,0.0218226,0.0227277
ACH,2023-12-08,0.0227277,0.0229774,0.0222127,0.0227875
ACH,2023-12-09,0.0228475,0.0234568,0.022056,0.0221157
ACH,2023-12-10,0.0220957,0.022702,0.0214941,0.02229
ACH,2023-12-11,0.0223307,0.0223516,0.0189011,0.0201605
ACH,2023-12-12,0.0201507,0.0207833,0.0196435,0.0199912
ACH,2023-12-13,0.0199812,0.020751,0.0191421,0.0205547
ACH,2023-12-14,0.0205837,0.0215643,0.0204541,0.0214034
ACH,2023-12-15,0.0214436,0.0217017,0.0203353,0.0210319
ACH,2023-12-16,0.0210119,0.0219557,0.0206483,0.0215627
ACH,2023-12-17,0.0215625,0.021869,0.0205107,0.0205786
ACH,2023-12-18,0.0205486,0.0205717,0.0185448,0.0198041
ACH,2023-12-19,0.0198041,0.020881,0.0197193,0.0197799
ACH,2023-12-20,0.0197801,0.0214572,0.0196539,0.0206506
ACH,2023-12-21,0.0206506,0.0217026,0.0205404,0.0212638
ACH,2023-12-22,0.021264,0.0218593,0.0208854,0.0214071
ACH,2023-12-23,0.0213871,0.0224808,0.0206882,0.022431
ACH,2023-12-24,0.022451,0.0237938,0.0216589,0.0223545
ACH,2023-12-25,0.0223447,0.0233737,0.0223243,0.0230151
ACH,2023-12-26,0.0230248,0.0234786,0.021594,0.0229575
ACH,2023-12-27,0.0229479,0.0247907,0.0218493,0.0231143
ACH,2023-12-28,0.0231443,0.0236039,0.0215771,0.0218307
ACH,2023-12-29,0.0218394,0.023011,0.0207187,0.0216039
ACH,2023-12-30,0.0215845,0.0219604,0.0210173,0.0214196
ACH,2023-12-31,0.0214794,0.0220601,0.0208365,0.0211947
ACH,2024-01-01,0.0212245,0.0223531,0.020689,0.0222542
ACH,2024-01-02,0.0222642,0.0227493,0.0217154,0.0218883
ACH,2024-01-03,0.0218983,0.0229362,0.0180799,0.0194472
ACH,2024-01-04,0.0194376,0.0203318,0.019153,0.0199135
ACH,2024-01-05,0.0199433,0.0200618,0.0184105,0.0190048
ACH,2024-01-06,0.019005,0.0195215,0.0179663,0.0190414
ACH,2024-01-07,0.0190114,0.0198111,0.0178423,0.0179315
ACH,2024-01-08,0.0179413,0.0188656,0.0164989,0.0188067
ACH,2024-01-09,0.0188067,0.0191022,0.0169941,0.0177955
ACH,2024-01-10,0.0177755,0.0194849,0.0174149,0.0194849
ACH,2024-01-11,0.0194751,0.0207132,0.0191265,0.020191
ACH,2024-01-12,0.0201712,0.0210027,0.018856,0.0192479
ACH,2024-01-13,0.0192775,0.0197853,0.0185957,0.0197653
ACH,2024-01-14,0.0197553,0.0197653,0.0187208,0.0189507
ACH,2024-01-15,0.0189609,0.019712,0.0185383,0.0194821
ACH,2024-01-16,0.0194821,0.0201162,0.0189588,0.0196371
ACH,2024-01-17,0.0196669,0.0197947,0.0189494,0.0192607
ACH,2024-01-18,0.0192607,0.0198292,0.018207,0.0186611
ACH,2024-01-19,0.0186114,0.0192256,0.0172331,0.0185616
ACH,2024-01-20,0.0185118,0.0190261,0.0183229,0.0187746
ACH,2024-01-21,0.0187746,0.0190074,0.0181687,0.0181687
ACH,2024-01-22,0.0182285,0.0182585,0.0169124,0.0171816
ACH,2024-01-23,0.0172016,0.0174026,0.0157314,0.0164355
ACH,2024-01-24,0.0164455,0.0171542,0.0163983,0.0168111
ACH,2024-01-25,0.0168817,0.0170294,0.0163484,0.0169007
ACH,2024-01-26,0.0168909,0.018863,0.0166717,0.0185259
ACH,2024-01-27,0.0185163,0.0188055,0.0181364,0.01862
ACH,2024-01-28,0.01858,0.0188266,0.0177675,0.0178671
ACH,2024-01-29,0.0178373,0.0194888,0.0177577,0.01934
ACH,2024-01-30,0.0193302,0.0200376,0.0190462,0.0195796
ACH,2024-01-31,0.0195598,0.0197198,0.0179997,0.0183395
ACH,2024-02-01,0.0183299,0.018389,0.0176857,0.0181847
ACH,2024-02-02,0.0181947,0.0186164,0.0181047,0.0185207
ACH,2024-02-03,0.0185302,0.0186818,0.0181727,0.0183538
ACH,2024-02-04,0.0183836,0.0183937,0.0175335,0.0176226
ACH,2024-02-05,0.0176326,0.018122,0.0172212,0.017557
ACH,2024-02-06,0.017527,0.0180268,0.0173998,0.0179144
ACH,2024-02-07,0.0178945,0.0184861,0.0175961,0.0184063
ACH,2024-02-08,0.0184056,0.0185731,0.0180609,0.0182536
ACH,2024-02-09,0.0182637,0.0189415,0.0182035,0.0188609
ACH,2024-02-10,0.0188613,0.0190405,0.0184334,0.0187352
ACH,2024-02-11,0.0187454,0.0189976,0.0184055,0.0184754
ACH,2024-02-12,0.0184754,0.0193985,0.01813,0.0193985
ACH,2024-02-13,0.0193983,0.0195127,0.0187332,0.0192675
ACH,2024-02-14,0.0192577,0.0204668,0.0190601,0.0200799
ACH,2024-02-15,0.0200588,0.022011,0.0199383,0.0214386
ACH,2024-02-16,0.0214286,0.0222389,0.0208262,0.0212862
ACH,2024-02-17,0.0212964,0.021392,0.0200284,0.0209848
ACH,2024-02-18,0.0208948,0.0220244,0.0207179,0.0217824
ACH,2024-02-19,0.0217726,0.0235449,0.0213934,0.0230255
ACH,2024-02-20,0.0230455,0.0277175,0.0224152,0.0249547
ACH,2024-02-21,0.024955,0.0255048,0.0226389,0.02383
ACH,2024-02-22,0.02385,0.0264421,0.0228854,0.0253619
ACH,2024-02-23,0.0253619,0.0265243,0.0237095,0.0244768
ACH,2024-02-24,0.0244763,0.0275592,0.0236781,0.02646
ACH,2024-02-25,0.0265197,0.0279294,0.0257485,0.0263387
ACH,2024-02-26,0.0263189,0.0266673,0.0251423,0.0260369
ACH,2024-02-27,0.0260266,0.0269786,0.0252036,0.0262805
ACH,2024-02-28,0.0263005,0.0289185,0.0230247,0.0258881
ACH,2024-02-29,0.0258581,0.0319413,0.0254962,0.0280065
ACH,2024-03-01,0.0280365,0.0309624,0.0280365,0.0304537
ACH,2024-03-02,0.0304434,0.0305911,0.0284853,0.0293272
ACH,2024-03-03,0.0292787,0.029784,0.0257855,0.0288427
ACH,2024-03-04,0.028843,0.031175,0.0282035,0.0292922
ACH,2024-03-05,0.0292819,0.0306604,0.0224047,0.0257177
ACH,2024-03-06,0.0257075,0.0285631,0.0251406,0.0282741
ACH,2024-03-07,0.0282841,0.0365437,0.0282221,0.0342893
ACH,2024-03-08,0.034299,0.034627,0.0311941,0.0326602
ACH,2024-03-09,0.0326505,0.0344522,0.0325893,0.0332146
ACH,2024-03-10,0.0332343,0.0344035,0.0313263,0.0323772
ACH,2024-03-11,0.0324244,0.0358555,0.0324244,0.0348766
ACH,2024-03-12,0.0349277,0.037673,0.0341551,0.0376523
ACH,2024-03-13,0.0376826,0.043894,0.037473,0.0393736
ACH,2024-03-14,0.0394221,0.0505823,0.039332,0.0488629
ACH,2024-03-15,0.0489629,0.0515589,0.0442186,0.0466942
ACH,2024-03-16,0.0466842,0.0489127,0.0388647,0.0394267
ACH,2024-03-17,0.0393967,0.0449665,0.0383869,0.0422772
ACH,2024-03-18,0.0422772,0.0430194,0.0367441,0.0375274
ACH,2024-03-19,0.0377174,0.0380062,0.0327888,0.0334632
ACH,2024-03-20,0.0334905,0.0385492,0.0316459,0.03775
ACH,2024-03-21,0.037803,0.0404083,0.0371944,0.0388711
ACH,2024-03-22,0.0388611,0.0392966,0.0349455,0.0356878
ACH,2024-03-23,0.0356678,0.03905,0.0356178,0.03724
ACH,2024-03-24,0.03722,0.0449809,0.0361608,0.043297
ACH,2024-03-25,0.0432974,0.0441582,0.0412907,0.0419059
ACH,2024-03-26,0.0419163,0.0471595,0.0414475,0.0454705
ACH,2024-03-27,0.0454509,0.0464849,0.0412934,0.0422152
ACH,2024-03-28,0.0422544,0.0426048,0.0406734,0.0410882
ACH,2024-03-29,0.0410886,0.0417467,0.0381302,0.0387586
ACH,2024-03-30,0.0386782,0.0398147,0.038,0.0389948
ACH,2024-03-31,0.0389652,0.0397736,0.0383157,0.0387446
ACH,2024-04-01,0.0388047,0.0390912,0.0343383,0.0354135
ACH,2024-04-02,0.0354031,0.0357832,0.0321306,0.0328731
ACH,2024-04-03,0.0328831,0.0349378,0.0314763,0.0332196
ACH,2024-04-04,0.0332493,0.0357475,0.0321455,0.0342782
ACH,2024-04-05,0.0342882,0.0347549,0.0323078,0.0335114
ACH,2024-04-06,0.0334994,0.034521,0.0332546,0.0336381
ACH,2024-04-07,0.0336384,0.0346421,0.0335927,0.033593
ACH,2024-04-08,0.033623,0.0371645,0.0328926,0.0363382
ACH,2024-04-09,0.0363178,0.0367185,0.033857,0.0345744
ACH,2024-04-10,0.0345841,0.0345941,0.0320342,0.033759
ACH,2024-04-11,0.033809,0.0345376,0.0328528,0.0331023
ACH,2024-04-12,0.0331226,0.035016,0.0240904,0.0277083
ACH,2024-04-13,0.027698,0.0287529,0.019829,0.0221579
ACH,2024-04-14,0.0220178,0.0274988,0.0216575,0.0258177
ACH,2024-04-15,0.0258077,0.0320362,0.0258077,0.0276647
ACH,2024-04-16,0.0276644,0.0297116,0.0256715,0.0290058
ACH,2024-04-17,0.0290358,0.0306888,0.027,0.0293668
ACH,2024-04-18,0.0293068,0.032015,0.0273355,0.0305592
ACH,2024-04-19,0.0305692,0.0352113,0.0278331,0.0335104
ACH,2024-04-20,0.0335911,0.0368429,0.0318931,0.0350605
ACH,2024-04-21,0.0350505,0.0365151,0.0338775,0.035226
ACH,2024-04-22,0.035216,0.0383853,0.0342641,0.0359004
ACH,2024-04-23,0.0359608,0.0365461,0.0341934,0.0344497
ACH,2024-04-24,0.0344193,0.0373489,0.0338297,0.0349079
ACH,2024-04-25,0.0349178,0.0373688,0.0330924,0.0359291
ACH,2024-04-26,0.0359092,0.0384638,0.034326,0.0352441
ACH,2024-04-27,0.0351765,0.0353559,0.032674,0.0348386
ACH,2024-04-28,0.0348686,0.0355758,0.0338129,0.03393
ACH,2024-04-29,0.0339062,0.0340134,0.0318032,0.0322803
ACH,2024-04-30,0.0322503,0.0334349,0.0283245,0.0289423
ACH,2024-05-01,0.0289323,0.029779,0.0270483,0.0287268
ACH,2024-05-02,0.0288167,0.0294906,0.0276518,0.0293815
ACH,2024-05-03,0.0293712,0.0310036,0.0283628,0.0307229
ACH,2024-05-04,0.0307932,0.0312472,0.0299727,0.030133
ACH,2024-05-05,0.030163,0.0309025,0.0291235,0.0300033
ACH,2024-05-06,0.0299633,0.03073,0.0283489,0.0288306
ACH,2024-05-07,0.0288203,0.0289048,0.0275694,0.0278392
ACH,2024-05-08,0.0278292,0.0278292,0.0266647,0.0269916
ACH,2024-05-09,0.0269716,0.0279841,0.026079,0.0278855
ACH,2024-05-10,0.0278755,0.0288471,0.0265078,0.026692
ACH,2024-05-11,0.0266817,0.0273534,0.0262808,0.0263442
ACH,2024-05-12,0.0263142,0.0264045,0.0255513,0.0257789
ACH,2024-05-13,0.0257774,0.026568,0.0242832,0.0259771
ACH,2024-05-14,0.0260074,0.0268636,0.0253068,0.0255308
ACH,2024-05-15,0.0255006,0.0276805,0.0252049,0.0273962
ACH,2024-05-16,0.0274362,0.0284394,0.0269178,0.0276522
ACH,2024-05-17,0.0276525,0.0294321,0.0274725,0.0288898
ACH,2024-05-18,0.0288801,0.0310859,0.028428,0.0303752
ACH,2024-05-19,0.0303752,0.0311759,0.02867,0.028948
ACH,2024-05-20,0.0289283,0.0314992,0.02826,0.0307617
ACH,2024-05-21,0.0307917,0.0335835,0.0305319,0.0323929
ACH,2024-05-22,0.0324112,0.0325805,0.030419,0.0310766
ACH,2024-05-23,0.0310669,0.0319395,0.0283822,0.0304508
ACH,2024-05-24,0.0304805,0.0307328,0.0289119,0.0299564
ACH,2024-05-25,0.0299764,0.0304081,0.0295676,0.0297837
ACH,2024-05-26,0.029804,0.030267,0.0287225,0.0290916
ACH,2024-05-27,0.0290787,0.0312687,0.0287228,0.0308585
ACH,2024-05-28,0.0308385,0.0336364,0.0303079,0.0315187
ACH,2024-05-29,0.0313985,0.0321304,0.0306591,0.0310255
ACH,2024-05-30,0.0309459,0.0314425,0.0296322,0.0303794
ACH,2024-05-31,0.0303594,0.0303594,0.0291763,0.0299144
ACH,2024-06-01,0.0299346,0.0300139,0.0294041,0.0295037
ACH,2024-06-02,0.0295037,0.0306513,0.0290482,0.0297442
ACH,2024-06-03,0.0297542,0.03069,0.0292327,0.029495
ACH,2024-06-04,0.0294953,0.0304,0.0289642,0.03035
ACH,2024-06-05,0.03037,0.033157,0.0303097,0.0326333
ACH,2024-06-06,0.0326229,0.03321,0.0309792,0.0314596
ACH,2024-06-07,0.0313999,0.0316976,0.0260988,0.0284089
ACH,2024-06-08,0.0283795,0.0286188,0.0263668,0.0265071
ACH,2024-06-09,0.0265168,0.0269976,0.0260971,0.0267957
ACH,2024-06-10,0.026766,0.0271046,0.0259225,0.0262626
ACH,2024-06-11,0.0262224,0.0262876,0.0245175,0.0251152
ACH,2024-06-12,0.0250847,0.0267371,0.0244578,0.0261214
ACH,2024-06-13,0.0260511,0.0261829,0.0242925,0.0245502
ACH,2024-06-14,0.0245099,0.0251906,0.0227961,0.0238133
ACH,2024-06-15,0.0238033,0.0240553,0.0234329,0.0239763
ACH,2024-06-16,0.0239763,0.0243805,0.0236356,0.0242806
ACH,2024-06-17,0.0243305,0.0248731,0.0218667,0.0225994
ACH,2024-06-18,0.0226194,0.0226593,0.0197566,0.0210984
ACH,2024-06-19,0.0211184,0.0245082,0.0210084,0.0236006
ACH,2024-06-20,0.0235906,0.0250395,0.0234404,0.0236632
ACH,2024-06-21,0.0236732,0.0241148,0.0229816,0.0234654
ACH,2024-06-22,0.0234355,0.0234455,0.022352,0.022481
ACH,2024-06-23,0.0224288,0.0229355,0.0216259,0.0220246
ACH,2024-06-24,0.0220148,0.0226634,0.0210969,0.0226435
ACH,2024-06-25,0.0226535,0.0235099,0.0224654,0.0230856
ACH,2024-06-26,0.0231056,0.0236327,0.0220334,0.0224847
ACH,2024-06-27,0.0224729,0.023546,0.0220783,0.0234369
ACH,2024-06-28,0.0234388,0.0239643,0.0227662,0.0229343
ACH,2024-06-29,0.0229243,0.023064,0.0224919,0.0225314
ACH,2024-06-30,0.0225614,0.0228275,0.0216349,0.0227445
ACH,2024-07-01,0.0227048,0.0247223,0.0227048,0.023404
ACH,2024-07-02,0.0233949,0.0258906,0.0228398,0.025609
ACH,2024-07-03,0.025599,0.0259205,0.024474,0.025202
ACH,2024-07-04,0.0251418,0.025212,0.0220485,0.0222575
ACH,2024-07-05,0.0222475,0.0235191,0.0179344,0.0211513
ACH,2024-07-06,0.0211317,0.0223025,0.0202724,0.0220007
ACH,2024-07-07,0.0220204,0.0224218,0.0206051,0.0208479
ACH,2024-07-08,0.0208379,0.0233742,0.0195384,0.022228
ACH,2024-07-09,0.022268,0.0226984,0.0217259,0.0223596
ACH,2024-07-10,0.0223698,0.0229944,0.0218607,0.0221082
ACH,2024-07-11,0.0220982,0.0244476,0.0219776,0.0230893
ACH,2024-07-12,0.0230893,0.0236866,0.0221902,0.0230644
ACH,2024-07-13,0.0230944,0.023836,0.0229346,0.0233242
ACH,2024-07-14,0.023344,0.0241365,0.0231542,0.0240489
ACH,2024-07-15,0.0240687,0.0253475,0.0239889,0.0251025
ACH,2024-07-16,0.0250825,0.0269157,0.0246669,0.0262766
ACH,2024-07-17,0.0262466,0.0269005,0.0256851,0.0263224
ACH,2024-07-18,0.0263224,0.0267881,0.0246378,0.025185
ACH,2024-07-19,0.0251547,0.0268323,0.024203,0.0267712
ACH,2024-07-20,0.0268315,0.0272528,0.0254107,0.0255907
ACH,2024-07-21,0.025511,0.0260955,0.024063,0.0260752
ACH,2024-07-22,0.0260955,0.0262813,0.0244373,0.0245774
ACH,2024-07-23,0.0245774,0.0252197,0.023403,0.0236028
ACH,2024-07-24,0.0235728,0.0259497,0.0232607,0.0249848
ACH,2024-07-25,0.0249155,0.0249155,0.0227545,0.024113
ACH,2024-07-26,0.0241437,0.0258651,0.0240537,0.0255
ACH,2024-07-27,0.0254997,0.0261805,0.0243427,0.0253795
ACH,2024-07-28,0.0253825,0.0254025,0.0238581,0.0239276
ACH,2024-07-29,0.0239376,0.0246675,0.0233223,0.0236872
ACH,2024-07-30,0.0237074,0.0238838,0.0225228,0.0227832
ACH,2024-07-31,0.0227732,0.0233125,0.0214714,0.0217617
ACH,2024-08-01,0.0217422,0.021966,0.0202306,0.0217721
ACH,2024-08-02,0.0218025,0.0221001,0.0197614,0.0200569
ACH,2024-08-03,0.0200369,0.0203979,0.0184351,0.0189181
ACH,2024-08-04,0.0189379,0.0193276,0.0173151,0.0182147
ACH,2024-08-05,0.0182547,0.0185431,0.0143699,0.0167832
ACH,2024-08-06,0.0168032,0.0184935,0.0165648,0.0182569
ACH,2024-08-07,0.0183568,0.0187686,0.0174714,0.0182618
ACH,2024-08-08,0.0182218,0.0198658,0.0177021,0.0198658
ACH,2024-08-09,0.019846,0.0202849,0.0189857,0.019326
ACH,2024-08-10,0.019406,0.019783,0.0191556,0.0196737
ACH,2024-08-11,0.0196798,0.0200228,0.018002,0.0182218
ACH,2024-08-12,0.0181918,0.0196839,0.0180016,0.0191419
ACH,2024-08-13,0.0191521,0.0197259,0.0188536,0.0195924
ACH,2024-08-14,0.0195622,0.0195922,0.0185057,0.0186517
ACH,2024-08-15,0.0186417,0.0190394,0.0177018,0.0179032
ACH,2024-08-16,0.0179232,0.0182327,0.0174133,0.0180952
ACH,2024-08-17,0.0180927,0.0185717,0.0178743,0.0184515
ACH,2024-08-18,0.0184617,0.0196828,0.0184517,0.0190736
ACH,2024-08-19,0.0191336,0.0198042,0.0185846,0.0196643
ACH,2024-08-20,0.0196943,0.0203128,0.0190127,0.0194902
ACH,2024-08-21,0.0195002,0.0202518,0.0189309,0.0201916
ACH,2024-08-22,0.0201518,0.0205925,0.0197636,0.020051
ACH,2024-08-23,0.020051,0.0217574,0.0199814,0.0217472
ACH,2024-08-24,0.0217472,0.0225661,0.0210674,0.0210774
ACH,2024-08-25,0.0211774,0.0215965,0.0204472,0.0214275
ACH,2024-08-26,0.0214275,0.0215175,0.0193537,0.0195635
ACH,2024-08-27,0.0195635,0.0199916,0.0180589,0.0184102
ACH,2024-08-28,0.01838,0.0189083,0.0174214,0.0179216
ACH,2024-08-29,0.0178716,0.0185641,0.0173412,0.0176598
ACH,2024-08-30,0.0175995,0.0180153,0.0168663,0.0178077
ACH,2024-08-31,0.0178677,0.0180064,0.0173091,0.0175567
ACH,2024-09-01,0.0175618,0.0176865,0.0169969,0.0172669
ACH,2024-09-02,0.0172471,0.0177672,0.0165887,0.017747
ACH,2024-09-03,0.0177165,0.0179487,0.0168943,0.017065
ACH,2024-09-04,0.0170666,0.0175498,0.0159057,0.0171581
ACH,2024-09-05,0.0171781,0.0172183,0.0165352,0.0166139
ACH,2024-09-06,0.016624,0.0170163,0.0156017,0.0160916
ACH,2024-09-07,0.0160417,0.0170081,0.0160117,0.0164284
ACH,2024-09-08,0.0164582,0.0173455,0.0163582,0.0173083
ACH,2024-09-09,0.0173113,0.0184422,0.0172531,0.0182631
ACH,2024-09-10,0.0182791,0.0191381,0.0179193,0.0187087
ACH,2024-09-11,0.0187287,0.0195416,0.017988,0.0191815
ACH,2024-09-12,0.0191717,0.0195008,0.0187661,0.0190585
ACH,2024-09-13,0.0190685,0.0194901,0.0186493,0.0193978
ACH,2024-09-14,0.0194078,0.0194278,0.0186337,0.0190434
ACH,2024-09-15,0.0190736,0.0200738,0.0185424,0.0186402
ACH,2024-09-16,0.0186402,0.0186919,0.0177365,0.0179566
ACH,2024-09-17,0.0179482,0.0184717,0.0176882,0.0182216
ACH,2024-09-18,0.0182316,0.0190698,0.01792,0.0188306
ACH,2024-09-19,0.0188394,0.0201538,0.0188394,0.019762
ACH,2024-09-20,0.0197618,0.0204782,0.0193481,0.0200018
ACH,2024-09-21,0.020032,0.0204018,0.0195198,0.020032
ACH,2024-09-22,0.020032,0.0203416,0.01911,0.01911
ACH,2024-09-23,0.01919,0.0203188,0.0190013,0.0203092
ACH,2024-09-24,0.020309,0.0207069,0.0198274,0.020539
ACH,2024-09-25,0.0205388,0.0211389,0.0200464,0.0202066
ACH,2024-09-26,0.0202066,0.0210713,0.0194248,0.0206619
ACH,2024-09-27,0.0206721,0.0220686,0.0204818,0.0217039
ACH,2024-09-28,0.0216739,0.0220226,0.0204318,0.0206523
ACH,2024-09-29,0.0206559,0.0211848,0.019934,0.0210316
ACH,2024-09-30,0.0210842,0.0221091,0.020092,0.0213332
ACH,2024-10-01,0.0213332,0.0223142,0.0182451,0.019035
ACH,2024-10-02,0.0190251,0.0213653,0.0185544,0.0192748
ACH,2024-10-03,0.0192448,0.0203063,0.0179771,0.0185178
ACH,2024-10-04,0.0184778,0.0193769,0.0183361,0.0191898
ACH,2024-10-05,0.0191996,0.0196384,0.018527,0.018677
ACH,2024-10-06,0.01867,0.0196194,0.0184778,0.0193467
ACH,2024-10-07,0.0193667,0.0203367,0.0193169,0.019994
ACH,2024-10-08,0.020004,0.0210439,0.0188132,0.0201954
ACH,2024-10-09,0.0201253,0.0203474,0.0183631,0.0185936
ACH,2024-10-10,0.0185936,0.0189478,0.0179158,0.0185599
ACH,2024-10-11,0.01854,0.0196674,0.0184008,0.0194773
ACH,2024-10-12,0.0194875,0.0199442,0.0191418,0.0196741
ACH,2024-10-13,0.0196741,0.019682,0.0185444,0.0190022
ACH,2024-10-14,0.0190219,0.0203441,0.0188021,0.0199768
ACH,2024-10-15,0.020007,0.0204869,0.019065,0.0195049
ACH,2024-10-16,0.0195051,0.0206051,0.0192329,0.0198558
ACH,2024-10-17,0.0198562,0.0201346,0.0186139,0.0190132
ACH,2024-10-18,0.0190033,0.020018,0.0189518,0.0197676
ACH,2024-10-19,0.0197476,0.0200758,0.0193984,0.0196855
ACH,2024-10-20,0.0196659,0.020713,0.0195685,0.0205832
ACH,2024-10-21,0.0206162,0.021173,0.0198017,0.0202815
ACH,2024-10-22,0.0202715,0.0205273,0.019757,0.0202354
ACH,2024-10-23,0.0202256,0.0204338,0.0187032,0.0194094
ACH,2024-10-24,0.0193994,0.0204471,0.0193103,0.0203378
ACH,2024-10-25,0.0203478,0.0203774,0.0190747,0.019385
ACH,2024-10-26,0.0193751,0.019385,0.0172288,0.018286
ACH,2024-10-27,0.018306,0.0189755,0.0179368,0.0186146
ACH,2024-10-28,0.0186214,0.0202338,0.0179412,0.0201059
ACH,2024-10-29,0.0201259,0.0213729,0.0197324,0.0213632
ACH,2024-10-30,0.0213534,0.0219334,0.0206046,0.021323
ACH,2024-10-31,0.0213232,0.0214633,0.0196737,0.0199638
ACH,2024-11-01,0.0199638,0.0200659,0.0187086,0.018887
ACH,2024-11-02,0.018867,0.0192206,0.0182445,0.0183349
ACH,2024-11-03,0.0183149,0.0183739,0.0169744,0.0176231
ACH,2024-11-04,0.017553,0.0178443,0.016688,0.0171066
ACH,2024-11-05,0.0170732,0.0182651,0.0170182,0.0180678
ACH,2024-11-06,0.0180678,0.0201221,0.017988,0.0201121
ACH,2024-11-07,0.0201321,0.0204798,0.0195896,0.0202099
ACH,2024-11-08,0.0202101,0.0211984,0.0198555,0.0203632
ACH,2024-11-09,0.020363,0.0209963,0.019956,0.0209963
ACH,2024-11-10,0.0209861,0.0229161,0.0208577,0.0218222
ACH,2024-11-11,0.0217722,0.0237277,0.0216569,0.0235072
ACH,2024-11-12,0.0235366,0.0240736,0.0213858,0.023035
ACH,2024-11-13,0.0230049,0.0244808,0.0206881,0.0226349
ACH,2024-11-14,0.0226148,0.0238786,0.021274,0.0214026
ACH,2024-11-15,0.0214126,0.0225568,0.0202053,0.0225365
ACH,2024-11-16,0.0225168,0.0241292,0.0224096,0.0235883
ACH,2024-11-17,0.0236583,0.0246395,0.0225798,0.0227607
ACH,2024-11-18,0.0227209,0.023859,0.0223013,0.0234813
ACH,2024-11-19,0.0234911,0.0235815,0.0221612,0.0224182
ACH,2024-11-20,0.0223784,0.0229456,0.0209795,0.0215549
ACH,2024-11-21,0.0214946,0.0238225,0.0206482,0.0236524
ACH,2024-11-22,0.0236822,0.0240419,0.0222694,0.0228936
ACH,2024-11-23,0.0228638,0.0272785,0.0227234,0.0262984
ACH,2024-11-24,0.0263284,0.0288117,0.0250172,0.0277677
ACH,2024-11-25,0.0277677,0.0295834,0.0266239,0.0276031
ACH,2024-11-26,0.0275845,0.0287609,0.0252676,0.0266701
ACH,2024-11-27,0.0266199,0.0298958,0.0263471,0.0298198
ACH,2024-11-28,0.0298798,0.0299791,0.0280776,0.0293015
ACH,2024-11-29,0.0293315,0.0297317,0.0279622,0.0296713
ACH,2024-11-30,0.0296817,0.0323629,0.0291485,0.0317727
ACH,2024-12-01,0.0317527,0.031905,0.0301608,0.0305856
ACH,2024-12-02,0.0305956,0.0315447,0.0283609,0.031381
ACH,2024-12-03,0.031371,0.03437,0.0310094,0.0340228
ACH,2024-12-04,0.0340621,0.0378571,0.0339013,0.0374905
ACH,2024-12-05,0.0374905,0.03853,0.0348636,0.0378482
ACH,2024-12-06,0.0378856,0.0397314,0.0360516,0.0376638
ACH,2024-12-07,0.0375532,0.0376415,0.0359405,0.0359652
ACH,2024-12-08,0.0359351,0.0362546,0.0345773,0.0360602
ACH,2024-12-09,0.0360298,0.0361799,0.0259248,0.0290684
ACH,2025-01-27,0.0229466,0.04651,0.0222611,0.03837
ACH,2025-01-28,0.0384304,0.038993,0.029263,0.0299705
ACH,2025-01-29,0.0299805,0.0409112,0.0299605,0.0383988
ACH,2025-01-30,0.0382985,0.0493685,0.0363993,0.0456046
ACH,2025-01-31,0.0456046,0.0490146,0.0440613,0.0453368
ACH,2025-02-01,0.0453673,0.0584883,0.0450278,0.0502174
ACH,2025-02-02,0.0501979,0.0543675,0.0383296,0.040148
ACH,2025-02-03,0.0403779,0.0471368,0.030696,0.0416212
ACH,2025-02-04,0.0416716,0.0445311,0.0360299,0.0384788
ACH,2025-02-05,0.0384788,0.0410107,0.0355607,0.0360125
ACH,2025-02-06,0.0361029,0.0366715,0.0317892,0.0324823
ACH,2025-02-07,0.0324623,0.034106,0.0299215,0.0303012
ACH,2025-02-08,0.0302109,0.0314553,0.0298445,0.0299424
ACH,2025-02-09,0.0299824,0.0312262,0.0272127,0.0283034
ACH,2025-02-10,0.0282234,0.0299624,0.0280553,0.0290049
ACH,2025-02-11,0.0289352,0.0305237,0.0264755,0.026947
ACH,2025-02-12,0.0270168,0.0273584,0.02528,0.0269919
ACH,2025-02-13,0.0270619,0.0271505,0.024941,0.0258605
ACH,2025-02-14,0.0258605,0.0267251,0.0252551,0.0254743
ACH,2025-02-15,0.0254643,0.0261813,0.0244129,0.0247817
ACH,2025-02-16,0.024762,0.0302688,0.0244315,0.026843
ACH,2025-02-17,0.026853,0.03242,0.02496,0.0303509
ACH,2025-02-18,0.0304309,0.0378667,0.0294782,0.0361579
ACH,2025-02-19,0.0362279,0.0375523,0.0332214,0.0344355
ACH,2025-02-20,0.0345052,0.040148,0.0331983,0.0368855
ACH,2025-02-21,0.0369055,0.038937,0.0342181,0.0344076
ACH,2025-02-22,0.0343477,0.0347384,0.033118,0.0337756
ACH,2025-02-23,0.0333253,0.0336237,0.0311019,0.03147
ACH,2025-02-24,0.0314797,0.0320822,0.0277378,0.028158
ACH,2025-02-25,0.0282483,0.0310276,0.0270573,0.0305391
ACH,2025-02-26,0.0305494,0.0340593,0.0298832,0.0311813
ACH,2025-02-27,0.0312343,0.0323341,0.0294927,0.0300978
ACH,2025-02-28,0.0301178,0.0322674,0.0290493,0.0315979
ACH,2025-03-01,0.0316079,0.032221,0.0293053,0.0298221
ACH,2025-03-02,0.0298121,0.0315374,0.0285486,0.0312912
ACH,2025-03-03,0.0312812,0.0314011,0.0262563,0.0266633
ACH,2025-03-04,0.026656,0.027194,0.0249525,0.0267741
ACH,2025-03-05,0.0267593,0.0271262,0.0258635,0.0263692
ACH,2025-03-06,0.0263468,0.0268797,0.0228975,0.0247798
ACH,2025-03-07,0.0247426,0.0262287,0.02377,0.0258589
ACH,2025-03-08,0.0257989,0.0260688,0.0243407,0.0247118
ACH,2025-03-09,0.0247002,0.0250325,0.021667,0.022009
ACH,2025-03-10,0.022039,0.0246052,0.0211852,0.0217448
ACH,2025-03-11,0.0217126,0.0235836,0.0203358,0.0231338
ACH,2025-03-12,0.0231238,0.0238062,0.0222706,0.0232154
ACH,2025-03-13,0.0231354,0.0239294,0.0220192,0.0227403
ACH,2025-03-14,0.0227573,0.0235996,0.0225756,0.0231732
ACH,2025-03-15,0.0231705,0.0235615,0.0227925,0.0233285
ACH,2025-03-16,0.0233438,0.0239772,0.0220497,0.0220625
